feature	total_bp	prop_genome
exon	26346840	0.27272224202872875
intron	43826938	0.4536627843268525
utr	8395471	0.08690346447646752
noncoding	18037613	0.18671150916795123
