phylum	bd_mass	bd_prop_mass	total_carbon_mass	nspecies	prop_carbon_mass	total_species	frac	factor
Arthropoda	1.2	0.4634994206257242	2.783223831116211e-4	68	0.010027412697563819	1257000	5.409705648369133e-5	4.29
Chordata	0.8689999999999999	0.33565083043646193	0.026976714874879053	68	0.9719184287324615	54083.26913195984	0.0012573204447771861	24.7
Annelida	0.2	0.07724990343762071	1.2260327822322476e-5	3	4.417157021558936e-4	17000	1.7647058823529413e-4	0.347
Mollusca	0.2	0.07724990343762071	4.535323110860691e-4	13	0.01633988471964196	95367.70941990796	1.3631448295313946e-4	16.6
Cnidaria	0.1	0.038624951718810356	3.142662434173524e-5	2	0.0011322399889034517	16000	1.25e-4	2.51
Nematoda	0.02	0.00772499034376207	3.894692046762053e-6	1	1.4031815927337816e-4	25000	4e-5	4.87
