phylum	bd_mass	bd_prop_mass	total_carbon_mass	nspecies	prop_carbon_mass	total_species	frac	factor
Arthropoda	1.2	0.4634994206257242	2.7810745749577877e-4	68	0.010230687283540969	1257000	5.409705648369133e-5	4.28
Chordata	0.8689999999999999	0.33565083043646193	0.02640538275298576	68	0.9713699013342847	54083.26913195984	0.0012573204447771861	24.2
Annelida	0.2	0.07724990343762071	1.2337270751018858e-5	3	4.5384888317123376e-4	17000	1.7647058823529413e-4	0.35
Mollusca	0.2	0.07724990343762071	4.51912749525738e-4	13	0.016624430216558208	95367.70941990796	1.3631448295313946e-4	16.6
Cnidaria	0.1	0.038624951718810356	3.1929415786768444e-5	2	0.0011745814765342722	16000	1.25e-4	2.55
Nematoda	0.02	0.00772499034376207	3.983786318178916e-6	1	1.4655080591053965e-4	25000	4e-5	4.98
